-- phpMyAdmin SQL Dump
-- version 4.7.0
-- https://www.phpmyadmin.net/
--
-- Host: 127.0.0.1
-- Generation Time: Jul 11, 2017 at 09:55 PM
-- Server version: 10.1.25-MariaDB
-- PHP Version: 7.1.7

SET SQL_MODE = "NO_AUTO_VALUE_ON_ZERO";
SET AUTOCOMMIT = 0;
START TRANSACTION;
SET time_zone = "+00:00";


/*!40101 SET @OLD_CHARACTER_SET_CLIENT=@@CHARACTER_SET_CLIENT */;
/*!40101 SET @OLD_CHARACTER_SET_RESULTS=@@CHARACTER_SET_RESULTS */;
/*!40101 SET @OLD_COLLATION_CONNECTION=@@COLLATION_CONNECTION */;
/*!40101 SET NAMES utf8mb4 */;

--
-- Database: `rfid_vanilla`
--
CREATE DATABASE IF NOT EXISTS `rfid_vanilla` DEFAULT CHARACTER SET latin1 COLLATE latin1_swedish_ci;
USE `rfid_vanilla`;

-- --------------------------------------------------------

--
-- Table structure for table `item_manufacturer_map`
--

DROP TABLE IF EXISTS `item_manufacturer_map`;
CREATE TABLE IF NOT EXISTS `item_manufacturer_map` (
  `id` int(11) NOT NULL AUTO_INCREMENT,
  `item_id` int(11) NOT NULL,
  `manufacturer_id` int(11) NOT NULL,
  PRIMARY KEY (`id`),
  KEY `item_map` (`item_id`),
  KEY `manufacturer_map` (`manufacturer_id`)
) ENGINE=InnoDB AUTO_INCREMENT=101 DEFAULT CHARSET=latin1;

--
-- Dumping data for table `item_manufacturer_map`
--

INSERT INTO `item_manufacturer_map` (`id`, `item_id`, `manufacturer_id`) VALUES
(1, 36, 3),
(2, 31, 10),
(3, 40, 6),
(4, 15, 1),
(5, 21, 2),
(6, 26, 10),
(7, 12, 1),
(8, 23, 5),
(9, 16, 3),
(10, 27, 8),
(11, 8, 1),
(12, 35, 9),
(13, 48, 5),
(14, 30, 6),
(15, 34, 3),
(16, 33, 7),
(17, 5, 4),
(18, 43, 5),
(19, 40, 6),
(20, 44, 3),
(21, 19, 10),
(22, 36, 4),
(23, 42, 6),
(24, 42, 9),
(25, 2, 6),
(26, 41, 5),
(27, 8, 10),
(28, 28, 8),
(29, 30, 3),
(30, 31, 3),
(31, 37, 1),
(32, 38, 8),
(33, 16, 10),
(34, 4, 1),
(35, 34, 8),
(36, 7, 10),
(37, 39, 1),
(38, 36, 9),
(39, 23, 1),
(40, 33, 2),
(41, 49, 8),
(42, 8, 1),
(43, 43, 8),
(44, 4, 1),
(45, 26, 7),
(46, 15, 3),
(47, 28, 4),
(48, 19, 6),
(49, 36, 10),
(50, 40, 5),
(51, 26, 10),
(52, 50, 7),
(53, 39, 4),
(54, 11, 5),
(55, 40, 2),
(56, 38, 7),
(57, 10, 10),
(58, 37, 5),
(59, 32, 8),
(60, 45, 2),
(61, 32, 10),
(62, 22, 2),
(63, 17, 2),
(64, 23, 9),
(65, 4, 6),
(66, 38, 8),
(67, 44, 6),
(68, 46, 3),
(69, 44, 7),
(70, 23, 6),
(71, 21, 9),
(72, 2, 7),
(73, 46, 7),
(74, 1, 1),
(75, 17, 3),
(76, 22, 5),
(77, 50, 3),
(78, 42, 5),
(79, 30, 8),
(80, 46, 2),
(81, 45, 7),
(82, 45, 2),
(83, 26, 8),
(84, 18, 1),
(85, 35, 8),
(86, 16, 1),
(87, 45, 10),
(88, 38, 2),
(89, 17, 9),
(90, 38, 2),
(91, 14, 1),
(92, 3, 9),
(93, 4, 6),
(94, 5, 5),
(95, 48, 1),
(96, 43, 2),
(97, 46, 7),
(98, 35, 7),
(99, 13, 7),
(100, 43, 4);

-- --------------------------------------------------------

--
-- Table structure for table `item_master`
--

DROP TABLE IF EXISTS `item_master`;
CREATE TABLE IF NOT EXISTS `item_master` (
  `id` int(11) NOT NULL AUTO_INCREMENT,
  `rfid` varchar(200) NOT NULL,
  PRIMARY KEY (`id`),
  UNIQUE KEY `rfid` (`rfid`)
) ENGINE=InnoDB AUTO_INCREMENT=101 DEFAULT CHARSET=latin1;

--
-- Dumping data for table `item_master`
--

INSERT INTO `item_master` (`id`, `rfid`) VALUES
(44, '077AC8AC-29DA-29DB-6CEA-BCE662CE5472'),
(28, '0F0528CC-C128-DBAB-E81B-0877B9EE6288'),
(90, '129CC45F-8D86-F1E3-CFD9-F37ACC7CA96B'),
(21, '15B8A4BB-4BDD-1D97-A624-CD9B60802C14'),
(41, '17DE4B49-9061-E88E-22D0-B4CFE2655579'),
(68, '1B181D6F-7A70-A6C0-F6FF-40D154E6EEAA'),
(63, '1C345211-BA47-C4EE-E4D5-C2D3FC21754B'),
(27, '1E149903-FC6A-DCB9-033B-0EE91D7FBB85'),
(71, '23A1879C-E980-1809-052A-AAEDDB4A39E4'),
(23, '24F37CC3-BD5D-EEB3-14F2-E52577C23EA1'),
(5, '272F6857-E537-80BA-E871-80CC51DAFB71'),
(91, '2932B977-3BFB-9E8B-7001-CBA055BF39BA'),
(37, '2D0DB52D-7CA5-0EC3-FF08-6C279B849E78'),
(18, '2D430A67-B990-E010-E8B8-27B119C40FF4'),
(79, '2D4975F5-4DB5-D4E9-AD77-5FCD10070F11'),
(42, '2EA15522-3E3D-2A38-419B-576732C33ACE'),
(20, '32426D53-9BA4-AEF7-BDD8-5E626ED6B615'),
(39, '380C3CC1-E3D9-E61C-694F-F7EC8CAA223F'),
(12, '3BC672E8-AF9E-976D-85F3-3A225213331E'),
(53, '3CC11173-A9C7-3CD2-1F83-6746C0675DEE'),
(19, '41E28A57-82FA-89E5-39BE-56FE6E6BF36A'),
(67, '422DA9F5-09DB-8A9C-3995-41DCA31E8447'),
(100, '426D42AA-8D49-6A70-9749-05246525E569'),
(47, '4373427F-8F7C-4FCC-8078-04ADD19DB4BE'),
(99, '4946A20F-4534-C264-C083-45B65E231A6B'),
(73, '4FEDC27E-B9BD-B996-890E-A2AE707F4A48'),
(26, '51D50EC3-36A8-2F48-664C-5ACD3A7CDE90'),
(85, '5A7B4E35-5480-912D-0DFE-0F6638A1980A'),
(13, '5C290372-425D-5CA0-C767-50261DD10759'),
(96, '5DC306B3-2811-8E88-8550-63C5793EB2A1'),
(65, '5ED63973-0D6B-FAAF-DD6E-2D9E3F166E0F'),
(48, '60995C08-3792-9F4E-0F53-24C1FB077829'),
(10, '6354BB19-F6B4-2B2E-FF9A-D6E52278673F'),
(87, '6561CFF8-89CA-89F0-A754-4CDA92A3B9F4'),
(97, '664DA0DA-50E2-3D45-B8E1-5360607FCA9F'),
(11, '69AE36A1-37CF-3846-7994-00DD1783DFDA'),
(78, '6A5782B3-BDCE-48C0-0FCC-4D24E92769DC'),
(38, '6BF89D10-3678-0CAE-24FB-76D45D8D1AEB'),
(86, '6C98EC47-14CD-39DA-7B8C-F4AB077EEEE1'),
(14, '6D17DA4E-CBDD-C411-0E3B-D1BA21A3AFA1'),
(17, '7974E3B2-40A5-D99E-6A51-5BDE903E9F61'),
(84, '7C9C7E39-4F87-E2FD-E44E-8F232D4786B3'),
(74, '7CA27671-6BE6-95F2-4C91-2979F61CB900'),
(30, '7E0AAC14-066B-D3FC-2D7B-1D42F6A20F14'),
(1, '7E9E58FF-8143-8B8A-7E4C-0173157BB789'),
(29, '7F2C25D6-7647-6AE6-DDDD-76D6A53F3654'),
(58, '82386339-1757-2C95-7F4B-49C4DDB13F15'),
(8, '83AE8BDA-610D-359A-2471-42EF27BE37A5'),
(9, '84DD488E-4E42-97FE-D565-D942CF40C151'),
(93, '8A8CB796-E6FB-B1D5-1F78-5575DDBFC089'),
(83, '8B69CB2B-6277-D981-FF61-F5DCBC8FE60F'),
(62, '8D60C1EE-6236-1772-73DF-CC59B6BDA837'),
(72, '8E552EA7-5357-7AE1-2BD1-47F549A9D2C6'),
(25, '8F759544-B518-CC60-6B6A-C5ADF763B5FC'),
(98, '90BE6295-ED46-79A7-21C0-3E931A41151C'),
(3, '917C1DF8-B9E2-95B0-79E1-1910546A5642'),
(31, '931C6C43-8A8D-3301-C2D5-330A04B6C6C7'),
(61, '989C0E68-CA4C-54CF-85A9-4163D5168B08'),
(82, '991EFF83-3884-71C1-826A-529463E42879'),
(54, '993D8071-3E11-F12F-1E38-081B3B4430CD'),
(88, '9C853FC5-0A76-B9F8-A519-279B15409857'),
(57, 'A3B3C6A4-A395-986E-374A-1C2F303F230F'),
(56, 'A4654FFC-8E0C-0274-3BC8-18460D4DFB8E'),
(15, 'A75BF880-A680-1AC7-0A94-9857577975E7'),
(59, 'A98647E7-DA1D-40D5-A709-367FA3688A24'),
(35, 'ADBEB0CB-6E60-8C8B-F5D9-BDCC4A3F5D62'),
(66, 'ADC95899-89E2-A978-5340-A9B243A9F484'),
(81, 'AF880D42-163A-CAF9-F189-16473D211F11'),
(16, 'AFCC23E2-6AD9-886C-F2FA-A11CCFBB76CC'),
(45, 'B51584A8-3F64-D7A0-0B57-3552F0DEB9FF'),
(70, 'B5632E50-0CF2-FF9A-3B80-CCE34A83D4CF'),
(92, 'BF9586EF-9E7D-B18A-C540-5654DD640D03'),
(51, 'C120C858-663B-5678-DAD5-3C12ABA2CC64'),
(4, 'C5890C9F-3BD0-FA5D-DE57-19F59843AB8F'),
(50, 'C5B5CD79-B106-F08C-0589-4FE8E9B2D601'),
(6, 'C9D687DC-7600-7FC3-365C-8A0801D50097'),
(2, 'CD1C0703-6926-9B89-A842-95D824820668'),
(7, 'CD67BF7C-A925-FD5C-FE1C-FC71FF17C786'),
(34, 'D0D34A02-1A41-F2FB-7F98-0DD166B5552E'),
(75, 'D117B700-4C14-D001-6DE4-C62EB1574C67'),
(36, 'D4A26A6B-3C4E-9481-9479-03F04D622450'),
(64, 'D62F3202-F836-5395-172A-61740B68B105'),
(52, 'E24776E5-5631-1963-E424-68B4347E4D23'),
(22, 'E327D6E5-AB82-9DFF-E2E2-F7DE145DB3D9'),
(69, 'E43221EC-32C5-34B6-090E-FACA400054D0'),
(46, 'E60865E2-A3EB-330A-E122-176C967FC0F6'),
(49, 'E97734EC-3D0A-7BA8-8974-67154CAC789B'),
(40, 'E9A92622-8468-0C59-62C0-5E8476CED762'),
(60, 'EA02BB96-625E-DB01-3F6D-D05D1D6F9AC2'),
(43, 'EB071A4E-134E-D948-6256-768B7E5C46D6'),
(33, 'EB93D4C6-4F12-507D-9FB9-7E7202E4BDEF'),
(24, 'EC0F450B-5768-B52D-432A-5A8C129A5B41'),
(77, 'EE14CB54-1A28-DAC6-9DAE-FEBD1D9B1FBD'),
(94, 'EE3ECABD-8B04-6162-32D2-536EB11A552C'),
(55, 'EF8F8091-9CE1-E9CB-F29F-EDB523E6001B'),
(95, 'F4A5E9C5-B498-078C-AC9E-D8C0D80F5F77'),
(32, 'F7F454AC-1408-41D0-2B40-2570F7E74174'),
(80, 'FBA80FB6-4921-9792-172B-7D3348DA0CED'),
(89, 'FE451EE9-294F-AD5D-E9ED-75351875CC98'),
(76, 'FFBD9042-56F9-63D7-C941-B2F04C1B1389');

-- --------------------------------------------------------

--
-- Table structure for table `manufacturer_master`
--

DROP TABLE IF EXISTS `manufacturer_master`;
CREATE TABLE IF NOT EXISTS `manufacturer_master` (
  `id` int(11) NOT NULL AUTO_INCREMENT,
  `name` varchar(100) NOT NULL,
  `address` text,
  `other_data` text,
  PRIMARY KEY (`id`)
) ENGINE=InnoDB AUTO_INCREMENT=11 DEFAULT CHARSET=latin1;

--
-- Dumping data for table `manufacturer_master`
--

INSERT INTO `manufacturer_master` (`id`, `name`, `address`, `other_data`) VALUES
(1, 'Madonna', NULL, NULL),
(2, 'Walter', NULL, NULL),
(3, 'Andrew', NULL, NULL),
(4, 'Byron', NULL, NULL),
(5, 'Candace', NULL, NULL),
(6, 'Shellie', NULL, NULL),
(7, 'Emily', NULL, NULL),
(8, 'Quyn', NULL, NULL),
(9, 'Lars', NULL, NULL),
(10, 'Melinda', NULL, NULL);

--
-- Constraints for dumped tables
--

--
-- Constraints for table `item_manufacturer_map`
--
ALTER TABLE `item_manufacturer_map`
  ADD CONSTRAINT `item_map` FOREIGN KEY (`item_id`) REFERENCES `item_master` (`id`),
  ADD CONSTRAINT `manufacturer_map` FOREIGN KEY (`manufacturer_id`) REFERENCES `manufacturer_master` (`id`);
COMMIT;

/*!40101 SET CHARACTER_SET_CLIENT=@OLD_CHARACTER_SET_CLIENT */;
/*!40101 SET CHARACTER_SET_RESULTS=@OLD_CHARACTER_SET_RESULTS */;
/*!40101 SET COLLATION_CONNECTION=@OLD_COLLATION_CONNECTION */;
